scenario,cache_capacity,lod_bias,frames,generated,evictions,warm_evictions,regenerated,regenerated_within_60_frames,peak_resident,peak_nodes,coverage_changes,edge_changes,changes_without_eviction,changes_without_generation,tail_generated,tail_changes,tail_pending,seam_violations,seam_vertices
nadir,1024,0,755,63,0,0,0,0,63,122,511,235,511,422,0,0,0,0,1336
grazing,1024,0,755,101,0,0,0,0,101,170,736,265,736,580,0,0,0,0,4256
nadir,1024,1,755,146,0,0,0,0,146,210,1432,694,1432,1095,0,0,0,0,1992
grazing,1024,1,755,216,0,0,0,0,216,306,1690,656,1690,1287,0,0,0,0,6880
nadir,1024,2,755,436,0,0,0,0,436,414,4610,2248,4610,2862,0,0,0,0,3576
grazing,1024,2,755,579,0,0,0,0,579,654,4745,2089,4745,3366,0,0,0,0,10872
nadir,1024,3,755,2143,1119,705,847,2,1024,1110,17261,6923,6027,1509,0,0,0,0,8512
grazing,1024,3,755,2251,1227,1223,1035,435,1024,1510,16355,6870,5134,2413,95,469,6,0,14568
nadir,2048,0,755,63,0,0,0,0,63,122,511,235,511,422,0,0,0,0,1336
grazing,2048,0,755,101,0,0,0,0,101,170,736,265,736,580,0,0,0,0,4256
nadir,2048,1,755,146,0,0,0,0,146,210,1432,694,1432,1095,0,0,0,0,1992
grazing,2048,1,755,216,0,0,0,0,216,306,1690,656,1690,1287,0,0,0,0,6880
nadir,2048,2,755,436,0,0,0,0,436,414,4610,2248,4610,2862,0,0,0,0,3576
grazing,2048,2,755,579,0,0,0,0,579,654,4745,2089,4745,3366,0,0,0,0,10872
nadir,2048,3,755,1417,0,0,0,0,1417,1138,14273,6789,14273,6029,0,0,0,0,7648
grazing,2048,3,755,1759,0,0,0,0,1759,1682,13501,5682,13501,5371,0,0,0,0,14560
nadir,4096,0,755,63,0,0,0,0,63,122,511,235,511,422,0,0,0,0,1336
grazing,4096,0,755,101,0,0,0,0,101,170,736,265,736,580,0,0,0,0,4256
nadir,4096,1,755,146,0,0,0,0,146,210,1432,694,1432,1095,0,0,0,0,1992
grazing,4096,1,755,216,0,0,0,0,216,306,1690,656,1690,1287,0,0,0,0,6880
nadir,4096,2,755,436,0,0,0,0,436,414,4610,2248,4610,2862,0,0,0,0,3576
grazing,4096,2,755,579,0,0,0,0,579,654,4745,2089,4745,3366,0,0,0,0,10872
nadir,4096,3,755,1417,0,0,0,0,1417,1138,14273,6789,14273,6029,0,0,0,0,7648
grazing,4096,3,755,1759,0,0,0,0,1759,1682,13501,5682,13501,5371,0,0,0,0,14560
